<?xml version="1.0" encoding="UTF-8"?>
<root>
<Item><!--没有配置的都要启动-->
	<ConfItem>TcpApplication</ConfItem><!--配置项取一个hashtable出来-->
	<ModuleName>TCP</ModuleName><!--启动哪个模块-->
	<Condition><!--这个是上边那个hashtable对应的项的条件，如enabled = 1，就必须存在<enabled>1</enabled>的项-->
		<Rc>
			<TCPRc>exist</TCPRc><!--表示TCP资源存在,L3VPNRc表示L3VPN资源存在-->
		</Rc>
		<PreStart>
			<Module>L3VPN</Module>
			<Module>VIRTUALLINE</Module>
		</PreStart>
	</Condition>
</Item>
<Item><!--没有配置的都要启动-->
	<ConfItem>L3VPN</ConfItem><!--配置项取一个hashtable出来-->
	<ModuleName>L3VPN</ModuleName><!--启动哪个模块-->
	<Condition><!--这个是上边那个hashtable对应的项的条件，如enabled = 1，就必须存在<enabled>1</enabled>的项-->
		<Rc>
			<L3VPNRc>exist</L3VPNRc><!--表示TCP资源存在-->
		</Rc>
		<PreStart>
			<Module>VIRTUALLINE</Module>
		</PreStart>
	</Condition>
</Item>
<Item><!--没有配置的都要启动-->
	<ConfItem>Other</ConfItem><!--配置项取一个hashtable出来-->
	<ModuleName>VIRTUALLINE</ModuleName><!--启动哪个模块-->
	<Condition><!--这个是上边那个hashtable对应的项的条件，如enabled = 1，就必须存在<enabled>1</enabled>的项-->
		<Conf>
			<sddn_enable>1</sddn_enable>
		</Conf>
	</Condition>
</Item>
</root>
