{
    "version": "0.0.1",
    "language": "zh_CN",
    "last_check_update_time": null,
    "force_update": false,
    "vpn_servers": [
        "https://223.223.204.231:4431",
        "https://223.223.204.231:4431/"
    ],
    "check_update_time": [
        24,
        "h"
    ],
    "check_update_time_comment": "第一个参数为时间，第二参数为时间单位： y 年，d 天， h 小时， min 分钟， s 秒， ms 毫秒",
    "pkg_le_version_url": null,
    "for_test": false,
    "tray_type": "tray",
    "tray_url_enable": true,
    "build_type": "release",
    "default": {
        "user_name": null,
        "psw": null,
        "last_cert": null,
        "save_psw": false,
        "auto_login": false,
        "last_start_auth": null,
        "curr_start_auth": null
    },
    "https://223.223.204.231:4431": {
        "user_name": null,
        "psw": null,
        "last_cert": null,
        "save_psw": false,
        "auto_login": false,
        "last_start_auth": "1",
        "curr_start_auth": null
    },
    "https://223.223.204.231:4431/": {
        "user_name": null,
        "psw": null,
        "last_cert": null,
        "save_psw": false,
        "auto_login": false,
        "last_start_auth": "1",
        "curr_start_auth": null
    }
}