<?xml version="1.0" encoding="UTF-8"?>
<Logger>
	<!-- local service log switcher -->
	<TCP debug="false"/>
	<DNS debug="false"/>
	<L3VPN debug="false"/>
	<IPPacket debug="false"/>
	<ConfManagerModule debug="true"/>
	<HardId debug="true"/>
	<LocalServiceManager debug="true"/>
	<RcManagerModule debug="true"/>
	<!-- java service log switcher -->
	<CmsService debug="true"/>
	<CsManagerService debug="true"/>
	<MsgService debug="true"/>
	<ConfService debug="true"/>
	<RcService debug="true"/>
	<SecCheckService debug="true"/>
	<TrayService debug="true"/>
	<TimeQryService debug="true"/>
	<HardIdService debug="true"/>
	<BrowserService debug="true"/>
	<!-- ECAgent log switcher -->
	<ECAgent loglevel="3" />
	<!-- CSClient log switcher -->
	<CSClient loglevel="3" />
	<!-- ECAgentProxy log switcher -->
	<ECAgentProxy loglevel="3" />
	<!-- EasyMonitor log switcher -->
	<EasyMonitor loglevel="3" />
	<Interval value="100"/> <!-- log writer flush interval -->
</Logger>

<!--
 	ECLOG_LEVEL_ERROR   = 0,
	ECLOG_LEVEL_WARN    = 1,
	ECLOG_LEVEL_INFO    = 2,
	ECLOG_LEVEL_DEBUG   = 3,
    ECLOG_LEVEL_VERBOSE = 4,
	ECLOG_LEVEL_UNKNOWN = 5,
	ECLOG_LEVEL_MAX     = 6
-->
