<?xml version="1.0" encoding="UTF-8"?>

<!--
	Document   : Module.xml
	Created on : 2010年4月2日, 上午10:59
    version : 6.3.0.3570
	Description:
		些文档的目的是为了记录客户端的依赖性.
-->
<root>
	<Module>
		<ModuleName>DNS</ModuleName><!--正式名称-->
		<AliasName>DNS服务</AliasName><!--昵称-->
		<Version>5.0.0.0</Version><!--模块版本，注意每个模块可以独立更新-->
		<StartWait>true</StartWait><!--是否一定要等到启动返回后，才启动下一个模块,默认为true-->
		<StopWait>false</StopWait>
		<Dependends>
		</Dependends>
	</Module>
	<Module>
		<ModuleName>L3VPN</ModuleName><!--正式名称-->
		<AliasName>L3VPN服务</AliasName><!--昵称-->
		<Version>5.0.0.0</Version><!--模块版本，注意每个模块可以独立更新-->
		<StartWait>false</StartWait><!--是否一定要等到启动返回后，才启动下一个模块,默认为true-->
		<StopWait>false</StopWait>
		<Dependends>
			<Module>DNS</Module>
		</Dependends>
	</Module>
	<Module>
		<ModuleName>TCP</ModuleName><!--正式名称-->
		<AliasName>TCP服务</AliasName><!--昵称-->
		<Version>5.0.0.0</Version><!--模块版本，注意每个模块可以独立更新-->
		<StartWait>false</StartWait><!--是否一定要等到启动返回后，才启动下一个模块,默认为true-->
		<StopWait>false</StopWait>
		<Dependends>
			<Module>DNS</Module>
		</Dependends>
	</Module>
	<Module>
		<ModuleName>VIRTUALLINE</ModuleName><!--正式名称-->
		<AliasName>虚拟专线</AliasName><!--昵称-->
		<Version>5.0.0.0</Version><!--模块版本，注意每个模块可以独立更新-->
		<StartWait>false</StartWait><!--是否一定要等到启动返回后，才启动下一个模块,默认为true-->
		<StopWait>false</StopWait>
		<Dependends>
		</Dependends>
	</Module>
</root>
